0,1,2,3
S-OIL,오엘르주유소,1275,1199
현대오일뱅크,사등주유소,1275,1175
SK에너지,ABB조은주유소,1279,1179
SK에너지,오일플러스,1285,1185
SK에너지,청포주유소,1285,1195
SK에너지,옥포주유소,1286,1186
SK에너지,대양석유(주)거제대로주유소,1288,1188
SK에너지,아리랑주유소,1288,1188
GS칼텍스,금성주유소,1288,1203
NH-OIL,사등농협주유소,1289,1189
알뜰주유소,고려주유소,1290,1205
SK에너지,고현주유소,1290,1205
GS칼텍스,신풍주유소,1290,1205
GS칼텍스,신진주유소,1290,1215
현대오일뱅크,보성주유소,1293,1230
SK에너지,송정주유소,1298,1228
SK에너지,장승포주유소,1298,1198
NH-OIL,둔덕농협주유소,1298,1198
S-OIL,제2장진주유소,1298,1198
GS칼텍스,하청주유소,1299,1219
SK에너지,시민주유소,1299,1199
현대오일뱅크,오일뱅크 실전주유소,1299,1240
SK에너지,바다애 주유소,1305,1215
GS칼텍스,대양산업(주)대양거제주유소,1309,1219
현대오일뱅크,장진주유소,1315,1225
SK에너지,연초주유소,1318,1268
GS칼텍스,대동주유소,1318,1218
NH-OIL,장승포농협주유소,1318,1218
현대오일뱅크,금강주유소,1325,1245
GS칼텍스,학동주유소,1325,1235
GS칼텍스,오비주유소,1325,1255
S-OIL,(주)옥창주유소,1328,1228
현대오일뱅크,동백주유소,1328,1228
S-OIL,계룡산주유소,1328,1228
현대오일뱅크,새거제주유소,1328,1248
SK에너지,한내주유소,1345,1255
SK에너지,우리주유소,1348,1278
S-OIL,지세포주유소,1354,1254
현대오일뱅크,경인주유소,1354,1254
S-OIL,동남주유소,1355,1255
GS칼텍스,동부주유소,1355,1255
SK에너지,거제주유소,1355,1255
현대오일뱅크,민들레주유소,1358,1258
현대오일뱅크,일운주유소,1358,1258
SK에너지,갈곶관광주유소,1390,1290
SK에너지,경인산업(주)거가대교주유소,1395,1295
S-OIL,대금산주유소,1399,1299
SK에너지,(주)유공 해금강주유소,1399,1299
SK에너지,천오용주유소,1418,1318
GS칼텍스,삼성주유소,1465,1365
SK에너지,㈜천일에너지 거가주유소,1468,1328
SK에너지,장목주유소,1479,1379
SK에너지,SK네트웍스㈜SK도움아주주유소,1559,1459
SK에너지,견내량주유소,-,-
현대오일뱅크,거창소만주유소,1285,1180
NH-OIL,거창사과원예농협주유소,1285,1180
GS칼텍스,상동주유소,1285,1180
NH-OIL,거창농협주유소,1289,1189
알뜰(ex),㈜승진에너지거창주유소/충전소,1293,1184
알뜰(ex),(주)승진에너지 거창(대구방향)주유소,1293,1184
알뜰주유소,중동주유소,1299,1199
현대오일뱅크,주상주유소(현대),1320,1220
현대오일뱅크,덕유산주유소,1320,1220
S-OIL,원동주유소,1320,1220
S-OIL,가조주유소,1335,1235
NH-OIL,동거창농협,1335,1235
SK에너지,가북주유소,1335,1235
S-OIL,푸른주유소,1340,1250
NH-OIL,수승대농협주유소,1340,1250
SK에너지,위천중앙주유소,1340,1250
SK에너지,코끼리주유소(SK),1345,1245
SK에너지,거창북부주유소,1350,1250
GS칼텍스,국농소주유소,1350,1250
S-OIL,대동주유소,1350,1250
S-OIL,한들주유소,1350,1250
NH-OIL,신원농협주유소,1350,1250
현대오일뱅크,화성주유소,1350,1250
GS칼텍스,우리영농조합법인,1350,1250
NH-OIL,남거창농협주유소,1350,1250
자가상표,대호주유소,1359,1259
GS칼텍스,산장주유소,1360,1260
NH-OIL,북부농협 하성지소,1360,1260
현대오일뱅크,송천주유소,1369,1259
GS칼텍스,아림주유소,1370,1280
S-OIL,3교주유소,1370,1255
S-OIL,웅양주유소,1370,1270
GS칼텍스,거창고속IC주유소,1390,1290
GS칼텍스,거창주유소,1390,1295
현대오일뱅크,보성주유소(현대),1390,1290
SK에너지,지남주유소,1255,1155
S-OIL,뉴태광휴게주유소,1269,1174
GS칼텍스,터미널주유소,1277,1177
SK에너지,푸른주유소,1278,1188
SK에너지,새배둔주유소,1278,1188
알뜰주유소,봉현주유소,1278,1178
SK에너지,광신석유(주)직영고성IC주유소,1279,1189
현대오일뱅크,동백주유소,1281,1191
현대오일뱅크,삼락주유소,1283,1193
S-OIL,옥수관광휴게소,1288,1198
NH-OIL,동부농협주유소,1293,1203
알뜰(ex),고성공룡나라(하남)주유소,1298,1188
NH-OIL,고성농협주유소,1298,1208
알뜰(ex),고성공룡나라(통영)주유소/충전소,1298,1188
GS칼텍스,당동주유소,1308,1218
현대오일뱅크,연화주유소,1315,1225
현대오일뱅크,부포주유소,1318,1198
현대오일뱅크,월평주유소,1335,1238
SK에너지,옥천주유소,1335,1235
SK에너지,쌍발주유소,1335,1225
현대오일뱅크,율대주유소,1337,1238
SK에너지,신월주유소,1338,1238
SK에너지,하이주유소,1348,1248
GS칼텍스,거류주유소,1355,1255
S-OIL,동해주유소,1355,1255
S-OIL,하일주유소,1375,1250
S-OIL,대진주유소,1378,1248
S-OIL,인성주유소,1378,1278
현대오일뱅크,한국주유소,1395,1295
GS칼텍스,삼산주유소,1399,1299
SK에너지,남부주유소,1429,1329
GS칼텍스,영은주유소,1499,1399
자가상표,우리주유소,-,1450
자가상표,가야주유소,-,-
자가상표,고봉주유소,-,-
자가상표,스타주유소,1245,1145
SK에너지,이마트김해점,1252,1152
현대오일뱅크,에이제이에너지(주) 부원셀프주유소,1253,1153
현대오일뱅크,자이언츠주유소,1255,1155
NH-OIL,영남화훼원예농협주유소,1255,1149
SK에너지,이동주유소,1255,1155
S-OIL,화목주유소,1255,1155
현대오일뱅크,광동페트로(주) 다인셀프주유소,1258,1158
SK에너지,무지개셀프주유소,1258,1158
GS칼텍스,명품주유소,1258,1158
S-OIL,동양주유소,1260,1160
현대오일뱅크,가야셀프주유소,1260,1160
현대오일뱅크,생림공단주유소,1260,1160
현대오일뱅크,이손에너지(주)김해지점동남주유소,1260,1160
알뜰주유소,무척산주유소,1260,1160
현대오일뱅크,김해제일주유소,1260,1150
S-OIL,(주)거명주유소,1265,1165
알뜰주유소,세명주유소,1265,1165
현대오일뱅크,성림셀프주유소,1265,1165
S-OIL,평화주유소,1265,1165
GS칼텍스,SY삼계셀프주유소,1265,1165
SK에너지,(주)나부코푸르지오주유소,1267,1177
S-OIL,영광주유소,1267,1187
GS칼텍스,(주)경영에너지 대원주유소,1268,1168
SK에너지,부국주유소,1268,1168
S-OIL,부경에너지(주)황제주유소,1268,1168
SK에너지,광신석유(주)신용,1268,1175
SK에너지,광신석유(주)나전,1269,1250
S-OIL,파란들주유소,1270,1170
현대오일뱅크,보배주유소,1275,1175
GS칼텍스,한서1주유소,1275,1175
SK에너지,광신석유(주)직영강남주유소,1275,1185
현대오일뱅크,명문주유소,1275,1175
GS칼텍스,신장유주유소,1275,1175
GS칼텍스,불모산주유소,1275,1175
S-OIL,(주)행복한식품 펭귄주유소,1275,1175
GS칼텍스,율하신도시주유소,1275,1175
NH-OIL,장유농협주유소,1275,1175
S-OIL,에스원에너지㈜,1275,1175
SK에너지,대양석유(주)서김해셀프주유소,1275,1175
SK에너지,광신석유(주)직영새김해주유소,1275,1185
알뜰주유소,해안셀프주유소,1275,1175
S-OIL,영진주유소 (주)유테크 김해지점,1275,1174
현대오일뱅크,(주)출광,1275,1175
S-OIL,반석주유소(주)기센에너지,1275,1174
S-OIL,에코주유소,1275,1175
SK에너지,대양석유(주)고속주유소,1275,1175
S-OIL,(주)경일진영지점 세경주유소,1278,1178
SK에너지,좌곤주유소,1278,1178
GS칼텍스,(주)우보주유소진영신도시,1278,1178
S-OIL,내룡주유소,1278,1178
GS칼텍스,진영셀프주유소,1278,1178
GS칼텍스,반가운주유소,1278,1178
알뜰(ex),김해금관가야(창원방향)주유소,1278,1178
SK에너지,두바이주유소,1278,1178
알뜰(ex),김해금관가야(기장방향)주유소,1278,1178
알뜰주유소,대로주유소,1279,1179
GS칼텍스,대진주유소,1279,1179
GS칼텍스,롯데주유소,1279,1179
GS칼텍스,(주)에이치제이에너지 대성주유소,1279,1239
현대오일뱅크,부성셀프주유소,1279,1179
NH-OIL,김해농협주유소,1279,1169
SK에너지,광신석유(주)서김해IC주유소,1279,1175
현대오일뱅크,신태양주유소,1279,1179
S-OIL,참셀프주유소,1279,1179
GS칼텍스,(주)천일에너지 천일주유소,1279,1179
알뜰주유소,서부주유소,1279,1169
현대오일뱅크,연지주유소,1279,1179
GS칼텍스,남해주유소,1279,1175
NH-OIL,김해농협서김해주유소,1279,1169
S-OIL,(주)글로베스트코리아 효천S-OIL,1280,1180
S-OIL,생림에스오일주유소,1280,1180
S-OIL,동산주유소,1283,1183
S-OIL,청천주유소,1284,1185
NH-OIL,진례농협주유소농기계센터,1285,1185
SK에너지,해안셀프제2주유소,1285,1185
S-OIL,송진주유소,1285,1185
SK에너지,신가야주유소,1285,1185
현대오일뱅크,신대진주유소,1285,1175
SK에너지,신백양주유소,1286,1189
SK에너지,OK주유소,1288,1198
현대오일뱅크,유성에너지(주) 유성주유소,1288,1178
S-OIL,가온주유소,1289,1195
SK에너지,삼한주유소,1289,1189
현대오일뱅크,(주)대성주유소,1295,1195
S-OIL,부영주유소,1295,1195
S-OIL,대한주유소,1295,1195
알뜰주유소,골든루트주유소,1295,1195
SK에너지,신천주유소,1295,1195
SK에너지,동방석유(주)직영 동창원IC주유소,1295,1188
S-OIL,나들목주유소,1295,1195
현대오일뱅크,정석주유소,1295,1195
SK에너지,(주)대양석유 인제대로주유소,1295,1195
현대오일뱅크,동김해IC주유소,1295,1195
현대오일뱅크,세은주유소,1295,1189
SK에너지,대박주유소(SK),1295,1180
SK에너지,용담주유소,1295,1225
현대오일뱅크,로드주유소(현대),1295,1195
SK에너지,(주)천일에너지 천일주유소,1295,1195
SK에너지,대광주유소,1295,1195
S-OIL,중앙주유소,1297,1197
SK에너지,신도시주유소,1298,1258
현대오일뱅크,국제주유소,1298,1198
SK에너지,율하주유소,1298,1198
GS칼텍스,태양셀프주유소,1298,1198
현대오일뱅크,해창석유(주)직영유성주유소,1298,1198
SK에너지,유통단지주유소,1298,1198
GS칼텍스,대양산업(주)대양장유주유소,1298,1198
SK에너지,㈜OS에너지청운주유소,1298,1218
S-OIL,흥동스마트주유소,1298,1198
S-OIL,송정주유소,1298,1188
현대오일뱅크,부광주유소,1298,1198
S-OIL,세일주유소,1298,1168
SK에너지,토박이주유소,1298,1198
SK에너지,무궁화,1298,1258
GS칼텍스,대중주유소,1298,1198
S-OIL,경양주유소,1298,1198
S-OIL,한림정주유소,1298,1198
SK에너지,유림주유소,1299,1191
GS칼텍스,현성주유소,1299,1199
GS칼텍스,초원주유소,1299,1199
S-OIL,국민주유소,1299,1199
S-OIL,보성주유소,1299,1199
알뜰(ex),㈜경인석유진영(부산방향)주유소,1299,1199
알뜰(ex),(주)경인석유고속도로진영(상)주유소,1299,1199
SK에너지,동원주유소,1299,1199
GS칼텍스,(주)에스피씨삼립가락주유소,1299,1199
알뜰(ex),풀무원식품(주)장유(부산방향)주유소,1304,1199
현대오일뱅크,대현주유소,1315,1215
현대오일뱅크,술미주유소,1315,1225
SK에너지,대동I.C주유소,1317,1227
현대오일뱅크,효천주유소,1318,1218
SK에너지,주촌IC주유소,1318,1218
현대오일뱅크,(주)SL 선린주유소,1318,1218
SK에너지,안동에너지,1318,1238
S-OIL,본산주유소,1318,1218
GS칼텍스,주촌주유소,1318,1218
S-OIL,대청주유소,1318,1218
SK에너지,삼영주유소,1318,1218
GS칼텍스,예진주유소,1319,1199
SK에너지,테크노밸리주유소,1319,1219
SK에너지,한국주유소,1319,1218
S-OIL,차주유소,1319,1219
현대오일뱅크,단감주유소,1319,1219
현대오일뱅크,설창주유소,1319,1219
GS칼텍스,전원주유소,1325,1225
GS칼텍스,비케이주유소,1325,1255
GS칼텍스,(주)소모에너지엔테크놀러지뉴장유주유소,1328,1228
SK에너지,고향주유소,1329,1229
S-OIL,행운주유소,1329,1229
SK에너지,대경주유소,1329,1229
현대오일뱅크,상동농협주유소,1329,1229
S-OIL,성진주유소,1335,1195
현대오일뱅크,새싹주유소,1335,1235
GS칼텍스,대동주유소(김해),1338,1247
GS칼텍스,주식회사신화이엔엘,1338,1238
GS칼텍스,청강주유소,1338,1238
SK에너지,태종에너지대지주유소,1338,1238
GS칼텍스,우리주유소,1338,1218
자가상표,내삼주유소,1339,1239
S-OIL,태경주유소,1339,1239
S-OIL,우리동네주유소,1339,1239
GS칼텍스,봉림주유소,1339,1239
SK에너지,신어주유소,1339,1239
GS칼텍스,주식회사 영원에너지,1339,1239
GS칼텍스,수남주유소,1345,1245
GS칼텍스,경남주유소,1345,1245
SK에너지,SK인성주유소,1345,1235
현대오일뱅크,(주)제때 직영 스마일주유소(김해점),1347,1237
S-OIL,주식회사삼문주유소,1348,1248
SK에너지,대감주유소,1349,1249
현대오일뱅크,칠산주유소,1355,1265
현대오일뱅크,(주)현대주유소,1359,1259
S-OIL,고모로주유소,1359,1259
GS칼텍스,안하주유소,1359,1259
GS칼텍스,용덕주유소,1359,1259
S-OIL,믿음가득주유소,1367,1267
현대오일뱅크,진례현대주유소,1368,1268
현대오일뱅크,명일주유소,1368,1268
S-OIL,한림주유소,1375,1275
S-OIL,(주)경영에너지 김해지점 구도일주유소,1395,1295
자가상표,(주)표주주유소,1395,1265
GS칼텍스,경남유성주유소,1398,1298
GS칼텍스,화생주유소,1399,1299
SK에너지,덕암IC주유소,1399,1299
SK에너지,명동주유소,1399,1299
S-OIL,부성주유소,1399,1239
S-OIL,주식회사 명풍,1429,1329
SK에너지,굿모닝주유소,1448,1358
GS칼텍스,(주)선보산업 화목주유소,-,-
SK에너지,산본주유소,-,-
SK에너지,분성로주유소,-,-
S-OIL,하나주유소,-,-
알뜰주유소,금산주유소,1330,1215
NH-OIL,창선농협주유소,1340,1240
NH-OIL,동남해농업협동조합남면지소,1340,1240
SK에너지,동남해주유소,1340,1240
현대오일뱅크,땡큐주유소,1350,1250
SK에너지,목화주유소,1350,1250
현대오일뱅크,덕산주유소(현대),1350,1270
SK에너지,신세계주유소,1350,1250
S-OIL,고려주유소,1350,1250
GS칼텍스,(주)남해종합에너지,1360,1260
GS칼텍스,서진주유소,1370,1270
NH-OIL,새남해농업협동조합서면주유소,1370,1270
S-OIL,삼동주유소,1370,1270
GS칼텍스,남해주유소,1370,1270
S-OIL,동천주유소,1370,1270
S-OIL,서남해주유소,1370,1270
GS칼텍스,다정주유소,1370,1270
NH-OIL,새남해농업협동조합남상점,1370,1270
NH-OIL,새남해농협하나로마트설천점,1370,1270
현대오일뱅크,남양제1주유소(현대),1370,1270
SK에너지,대영주유소,1370,1270
NH-OIL,새남해농업협동조합설천주유소,1370,1270
S-OIL,송정주유소,1390,1290
SK에너지,우리주유소,1400,1300
자가상표,고현주유소,-,-
S-OIL,(주)글로베스트코리아삼랑진IC주유소,1280,1180
알뜰주유소,해동주유소,1283,1165
현대오일뱅크,금성주유소,1285,1165
NH-OIL,산동농협주유소,1290,1190
S-OIL,귀명주유소귀명충전소,1290,1190
S-OIL,으뜸주유소,1295,1195
NH-OIL,남밀양농협주유소,1295,1195
현대오일뱅크,호정주유소,1295,1195
자가상표,상남주유소,1295,1195
알뜰주유소,정다운주유소,1297,1197
GS칼텍스,(주)티엔에프하이웨이주유소/충전소,1298,1198
S-OIL,한마음주유소,1298,1198
알뜰주유소,태영에너지(주)경민주유소,1298,1198
현대오일뱅크,상남self주유소,1298,1198
S-OIL,남밀양 IC 주유소,1298,1198
S-OIL,송림주유소,1298,1198
GS칼텍스,상동주유소,1298,1209
S-OIL,부경주유소,1298,1198
GS칼텍스,초동공단주유소,1298,1198
S-OIL,(주)천하주유소,1299,1199
S-OIL,(주)에너지마스터직영대영주유소,1305,1205
GS칼텍스,한진주유소,1308,1208
현대오일뱅크,만포주유소,1309,1189
SK에너지,무안농협주유소,1309,1209
현대오일뱅크,신삼랑진주유소,1309,1207
SK에너지,인산주유소,1310,1200
SK에너지,복돌복주유소,1315,1275
GS칼텍스,범북고개주유소,1315,1215
NH-OIL,삼랑진농협주유소,1315,1208
NH-OIL,밀양농협주유소,1318,1208
NH-OIL,부북농업협동조합주유소,1319,1209
NH-OIL,청도농협주유소,1319,1209
현대오일뱅크,시민주유소,1327,1228
현대오일뱅크,유진주유소,1328,1228
자가상표,하남주유소,1328,1228
S-OIL,도야주유소,1328,1228
SK에너지,영남주유소,1328,1248
GS칼텍스,금산주유소,1329,1229
SK에너지,천일주유소,1329,1229
현대오일뱅크,삼랑진주유소,1332,1232
현대오일뱅크,동남주유소,1334,1234
현대오일뱅크,우리주유소,1335,1235
S-OIL,동성주유소,1338,1238
현대오일뱅크,가산주유소,1338,1259
GS칼텍스,평화주유소,1338,1228
SK에너지,예림주유소,1339,1239
SK에너지,해창석유(주)밀양강주유소,1339,1239
현대오일뱅크,밀양주유소,1339,1239
S-OIL,사계절주유소,1345,1245
S-OIL,극동고속주유소,1345,1245
GS칼텍스,송백주유소,1370,1270
GS칼텍스,강변주유소,1389,1279
GS칼텍스,동산주유소,1390,1290
SK에너지,제일주유소,1395,1295
GS칼텍스,남도주유소,1395,1295
SK에너지,SK네트웍스밀양주유소,1399,1299
S-OIL,약수정,1400,1290
SK에너지,경남주유소,1435,1345
SK에너지,용전주유소,1436,1236
S-OIL,얼음골,1490,1370
S-OIL,삼락정주유소,-,-
알뜰주유소,양효주유소,-,-
GS칼텍스,금곡주유소,-,-
S-OIL,강남주유소,-,1345
SK에너지,고속주유소,1279,1179
GS칼텍스,삼천포주유소,1279,1179
자가상표,윤창주유소,1280,1180
NH-OIL,곤명농협,1280,1190
자가상표,새고개주유소,1280,1180
NH-OIL,곤명농협 곤양지점주유소,1280,1190
S-OIL,태양주유소,1284,1190
SK에너지,남척주유소(사천),1285,1185
알뜰주유소,용장군주유소,1285,1185
NH-OIL,서포농협서포주유소,1285,1185
현대오일뱅크,사천신흥주유소,1285,1185
SK에너지,목화주유소,1285,1185
현대오일뱅크,대교주유소,1285,1185
현대오일뱅크,인성주유소,1285,1190
GS칼텍스,아남주유소,1285,1185
알뜰주유소,삼포주유소,1285,1185
SK에너지,부자주유소,1285,1185
GS칼텍스,(주)하나주유소,1285,1185
SK에너지,천일주유소,1289,1189
SK에너지,하남주유소,1289,1189
S-OIL,노랑주유소,1289,1199
현대오일뱅크,인산 주유소,1290,1190
알뜰주유소,㈜승일 배춘주유소,1290,1190
현대오일뱅크,(주)월성주유소,1290,1190
S-OIL,스카이셀프주유소,1290,1190
GS칼텍스,사천중앙주유소,1290,1190
SK에너지,(주)사천공항주유소,1290,1260
현대오일뱅크,남문주유소(현대),1290,1190
SK에너지,SK네트웍스(주) 사천역사주유소,1290,1190
현대오일뱅크,용머리주유소,1290,1190
S-OIL,대박주유소,1290,1190
알뜰주유소,(주)한주에너지,1290,1190
알뜰(ex),사천(부산방향)주유소/충전소,1298,1188
알뜰(ex),사천(순천방향)주유소/충전소,1298,1188
NH-OIL,용현농협주유소,1299,1199
NH-OIL,사남농협주유소 경제사업장,1299,1199
NH-OIL,사천농협주유소,1299,1199
현대오일뱅크,선인주유소,1299,1199
GS칼텍스,푸른주유소,1310,1220
현대오일뱅크,곤양주유소(현대),1310,1210
알뜰주유소,다솔주유소,1310,1210
GS칼텍스,삼일주유소,1319,1219
현대오일뱅크,원전주유소,1320,1220
SK에너지,학동주유소,1320,1220
알뜰주유소,향촌주유소,1325,1225
SK에너지,경서대로주유소,1329,1229
S-OIL,송포새한주유소,1339,1239
S-OIL,곤명주유소,1339,1239
SK에너지,삼광주유소,1340,1230
SK에너지,남일주유소,1347,1248
S-OIL,아주 주유소,1349,1249
현대오일뱅크,탑리주유소,1350,1250
S-OIL,바보주유소,1355,1255
SK에너지,청양주유소,1359,1259
SK에너지,합동주유소,1359,1259
현대오일뱅크,남포주유소,1359,1249
GS칼텍스,정림주유소,1369,1269
SK에너지,축동주유소,1370,1270
S-OIL,금창주유소,1370,1270
GS칼텍스,동백제3주유소,1399,1299
SK에너지,주식회사 포유,1559,1450
알뜰주유소,생초IC주유소,1260,1160
S-OIL,한결(산청),1275,1175
GS칼텍스,석풍주유소,1275,1175
현대오일뱅크,만남주유소,1275,1175
알뜰주유소,알뜰관동주유소,1275,1175
GS칼텍스,차탄주유소,1280,1180
S-OIL,(주)은장양촌주유소,1295,1185
알뜰(ex),(주)대교 산청(상)주유소/충전소,1298,1189
알뜰(ex),전소,1298,1178
S-OIL,남북주유소,1300,1200
NH-OIL,산청군농협단성지소,1300,1200
S-OIL,강성주유소,1300,1200
NH-OIL,산청군농협금서주유소,1300,1200
현대오일뱅크,진달래주유소,1318,1218
GS칼텍스,금호주유소(생비량),1320,1220
SK에너지,원지주유소(SK),1320,1220
현대오일뱅크,단계주유소,1320,1220
알뜰주유소,덕산주유소,1320,1220
현대오일뱅크,대원주유소,1320,1220
SK에너지,신원주유소,1320,1220
SK에너지,덕천강주유소(SK),1320,1210
현대오일뱅크,삼거리주유소,1329,1229
자가상표,경호주유소,1344,1234
GS칼텍스,지리산주유소,1345,1245
현대오일뱅크,천왕봉주유소,1345,1245
현대오일뱅크,만두주유소,1345,1255
GS칼텍스,차황주유소,1350,1250
GS칼텍스,우리주유소,1350,1270
GS칼텍스,웅석주유소,1360,1250
GS칼텍스,금호주유소(산청),1370,1270
GS칼텍스,고속주유소,1370,1270
현대오일뱅크,경남주유소,1370,1270
GS칼텍스,생초주유소,1473,1332
SK에너지,동광주유소,-,-
SK에너지,황매산주유소,-,-
S-OIL,우리주유소,1255,1175
GS칼텍스,양산IC주유소,1260,1160
SK에너지,주식회사케이지오산막주유소,1262,1172
SK에너지,아신산업(주)그린주유소,1262,1224
현대오일뱅크,비케이에너지(주) 석산주유소,1263,1163
S-OIL,세종석유(주)성광주유소,1263,1173
현대오일뱅크,한솔유화(주)양산점 한길주유소,1263,1173
SK에너지,대양석유(주) 양산스마일주유소,1263,1173
자가상표,참조은주유소,1265,1165
현대오일뱅크,법기주유소,1268,1168
현대오일뱅크,비케이에너지(주) 도륜대주유소,1268,1168
NH-OIL,양산농협주유소,1269,1169
SK에너지,(주)천일주유소,1273,1173
S-OIL,(주)북정주유소,1273,1183
SK에너지,대양석유(주)참사랑주유소,1273,1173
현대오일뱅크,양산주유소,1275,1175
현대오일뱅크,(주)에너지원 행복가득주유소,1277,1198
알뜰주유소,태종석유석산알뜰주유소,1278,1178
GS칼텍스,호포주유소,1278,1178
GS칼텍스,동해고속주유소,1278,1178
알뜰주유소,대석주유소,1278,1178
SK에너지,오케이주유소,1278,1178
알뜰주유소,양산에너지마트주유소,1278,1178
현대오일뱅크,(주)태영에너지,1278,1178
S-OIL,(주)성우에너지 고품격월드주유소,1278,1178
GS칼텍스,명곡셀프주유소,1278,1178
S-OIL,금산주유소,1283,1203
현대오일뱅크,호림주유소,1288,1188
GS칼텍스,초산주유소,1288,1188
현대오일뱅크,다복주유소,1288,1188
현대오일뱅크,부자주유소,1288,1188
S-OIL,(주)우양네트웍스 양산중앙주유소,1295,1185
알뜰(ex),통도사(부산)주유소,1296,1196
S-OIL,내원주유소(주)유테크양산지점,1298,1195
GS칼텍스,대양산업(주) 대양양산주유소,1298,1198
GS칼텍스,(주)삼화에너지삼화주유소,1298,1198
S-OIL,신도시햇살주유소,1299,1199
SK에너지,대양석유(주)범어주유소,1299,1199
S-OIL,새동네주유소,1305,1195
S-OIL,덕우주유소,1308,1208
현대오일뱅크,(주)서광종합상사 고연주유소,1308,1225
알뜰(ex),양산(서울)주유소,1310,1208
S-OIL,유명 주유소,1310,1210
SK에너지,위너스주유소,1318,1229
S-OIL,강변,1318,1188
GS칼텍스,신화주유소,1319,1219
GS칼텍스,(주)해연 덕계주유소,1328,1228
GS칼텍스,os에너지 터미널 주유소,1328,1198
SK에너지,대진주유소,1328,1228
SK에너지,SK에너지(주)천마,1328,1228
GS칼텍스,삼호주유소,1328,1228
GS칼텍스,영신주유소,1328,1219
SK에너지,증산셀프주유소,1328,1248
GS칼텍스,양산신도시주유소,1328,1198
현대오일뱅크,꿈나무주유소,1328,1248
SK에너지,내원사주유소,1329,1229
S-OIL,물금농협원동지점주유소,1330,1230
S-OIL,동안주유소,1337,1237
S-OIL,양산제일주유소,1338,1238
SK에너지,양산으뜸주유소,1338,1238
SK에너지,양산공단주유소,1338,1238
S-OIL,비학에너지(주)셀프,1338,1238
GS칼텍스,부성주유소,1338,1238
S-OIL,양산목련주유소,1339,1239
GS칼텍스,새양산IC주유소,1339,1239
현대오일뱅크,(주)건연화물석계주유소,1339,1219
SK에너지,환타지아주유소,1339,1239
GS칼텍스,부원주유소,1345,1245
GS칼텍스,대동주유소,1349,1249
GS칼텍스,포유주유소,1349,1238
현대오일뱅크,송강주유소,1350,1250
S-OIL,비학에너지(주)주유소충전소,1358,1258
SK에너지,통도사주유소,1358,1258
SK에너지,남양산 IC 주유소,1359,1259
SK에너지,화룡주유소,1368,1268
S-OIL,구도일주유소 다방,1369,1269
현대오일뱅크,대경주유소,1369,1269
SK에너지,동양주유소,1377,1277
S-OIL,아이시디 햇살주유소,1399,1239
S-OIL,물금주유소,1450,1350
SK에너지,삽량주유소,1558,1458
현대오일뱅크,만남주유소,1279,1179
현대오일뱅크,남강주유소,1285,1185
GS칼텍스,중앙주유소,1295,1195
NH-OIL,동부농협주유소,1325,1200
SK에너지,태양주유소,1325,1228
알뜰주유소,큰길주유소,1325,1225
현대오일뱅크,중동주유소,1328,1228
자가상표,의령농협주유소,1329,1229
SK에너지,의령농협클린주유소,1329,1229
GS칼텍스,동부주유소,1337,1239
S-OIL,대복주유소,1345,1245
S-OIL,신흥,1348,1248
S-OIL,이광주주유소,1349,1249
SK에너지,(주)의령주유소,1350,1265
GS칼텍스,(주)태화주유소직영남산주유소,1350,1270
현대오일뱅크,진등재주유소,1353,1253
SK에너지,신반주유소,1355,1255
GS칼텍스,창인주유소,1379,1279
알뜰주유소,신경남셀프주유소,1255,1155
알뜰주유소,세계주유소,1259,1162
알뜰주유소,금호주유소,1259,1159
NH-OIL,동부농협주유소,1260,1160
GS칼텍스,선학주유소,1265,1165
현대오일뱅크,명신주유소,1265,1195
GS칼텍스,천마주유소,1269,1169
NH-OIL,진주중부농협주유소,1270,1160
S-OIL,(주)경남석유 상대주유소,1273,1173
S-OIL,엔씨네트웍스성훈주유소,1273,1173
알뜰주유소,수정주유소,1273,1173
SK에너지,옥산주유소,1273,1173
SK에너지,새진주주유소,1273,1173
알뜰주유소,(주)인창주유소,1275,1175
자가상표,서진주주유소,1275,1175
알뜰주유소,강남주유소,1275,1175
SK에너지,국제주유소,1275,1175
GS칼텍스,연암주유소,1275,1175
S-OIL,구도일주유소 동부,1275,1179
GS칼텍스,봉곡주유소,1275,1175
GS칼텍스,강변주유소,1275,1175
자가상표,희망주유소,1275,1175
S-OIL,진주남부농협 호탄주유소,1275,1185
현대오일뱅크,청담주유소,1275,1185
S-OIL,큰들주유소,1275,1175
현대오일뱅크,새한주유소,1275,1175
S-OIL,(주)동호주유소,1275,1175
알뜰주유소,(주)명진에너지,1278,1178
GS칼텍스,새길주유소,1278,1178
SK에너지,삼일주유소,1278,1198
NH-OIL,진주진양농협주유소,1280,1180
S-OIL,초장주유소,1280,1180
GS칼텍스,금산농민주유소,1280,1180
SK에너지,금산주유소,1280,1180
SK에너지,새경남주유소,1280,1180
GS칼텍스,금성주유소,1280,1180
GS칼텍스,사봉주유소,1280,1180
NH-OIL,진주남부농협내동주유소,1285,1185
현대오일뱅크,촉석루주유소,1285,1185
NH-OIL,진주남부농협정촌주유소,1285,1185
S-OIL,나들목,1285,1195
S-OIL,(주)망경주유소,1285,1185
현대오일뱅크,현대주유소,1285,1185
SK에너지,용마주유소,1285,1185
현대오일뱅크,천수교주유소,1285,1185
S-OIL,한아름주유소,1285,1185
SK에너지,(주)신용에너지,1285,1195
NH-OIL,문산농협주유소,1285,1185
알뜰(ex),진주(부산방향)주유소,1288,1178
SK에너지,대양석유(주)경대앞주유소,1289,1189
S-OIL,황금주유소,1290,1190
NH-OIL,진주서부농협클린주유,1290,1190
GS칼텍스,경남주유소,1290,1190
S-OIL,금산정동주유소,1290,1190
SK에너지,대곡주유소,1290,1190
S-OIL,덕오주유소,1290,1190
NH-OIL,금곡농협주유소,1290,1190
현대오일뱅크,강진주유소(현대),1290,1190
NH-OIL,수곡농협,1290,1190
S-OIL,한마음(진주),1290,1190
SK에너지,SK월아주유소,1290,1190
알뜰(ex),문산(순천)주유소,1294,1189
SK에너지,문산주유소,1295,1195
GS칼텍스,혁신도시주유소,1295,1195
GS칼텍스,동방주유소,1295,1205
알뜰주유소,진양호주유소,1295,1195
SK에너지,금창주유소(SK),1295,1195
GS칼텍스,대양주유소,1295,1195
SK에너지,사우디주유소,1295,1195
GS칼텍스,상일주유소,1298,1198
알뜰주유소,행복주유소,1298,1198
SK에너지,삼성주유소,1298,1198
SK에너지,진주주유소,1299,1211
현대오일뱅크,부자주유소,1299,1199
SK에너지,남척주유소(직영),1299,1245
현대오일뱅크,금산농협주유소,1300,1200
GS칼텍스,농민주유소,1300,1200
GS칼텍스,우진주유소,1300,1200
SK에너지,삼거리주유소,1300,1200
SK에너지,홍정왕주유소,1310,1210
GS칼텍스,세화주유소,1310,1220
현대오일뱅크,진산주유소,1314,1224
현대오일뱅크,명석주유소,1315,1215
현대오일뱅크,가호주유소(현대),1315,1215
SK에너지,서호주유소,1315,1215
S-OIL,대양주유소,1315,1215
자가상표,동신주유소,1315,1215
현대오일뱅크,진명주유소,1315,1215
S-OIL,대교주유소(진주),1315,1215
SK에너지,경성주유소,1316,1216
SK에너지,반성주유소,1318,1218
SK에너지,한빛주유소,1324,1224
GS칼텍스,개양주유소,1325,1242
SK에너지,미래주유소,1328,1219
현대오일뱅크,사봉현대주유소,1328,1218
GS칼텍스,들말주유소,1334,1245
S-OIL,정촌,1335,1235
GS칼텍스,극동오일,1340,1240
현대오일뱅크,판문현대주유소,1345,1245
SK에너지,도동주유소,1348,1233
SK에너지,극동주유소,1348,1248
SK에너지,유공주유소,1348,1248
현대오일뱅크,정암산업(주) 진주동부지점,1365,1268
SK에너지,동진주유소,1365,1265
SK에너지,(주)홍성주유소,1370,1270
GS칼텍스,양지주유소,1380,1280
현대오일뱅크,GMS원당산업(주),-,1333
알뜰주유소,부곡알뜰주유소,1278,1178
S-OIL,주식회사 부강에너지,1283,1183
S-OIL,제이엠6주유소,1283,1183
S-OIL,효천산업개발(주) 경남대로주유소,1283,1183
S-OIL,착한주유소,1283,1183
SK가스,SK행복충전 경성에너지충전소,1283,1183
SK에너지,부영주유소,1285,1185
SK에너지,행복주유소,1285,1185
S-OIL,(주)글로베스트코리아덕곡주유소,1285,1185
GS칼텍스,영현주유소,1285,1185
알뜰(ex),(주)이엠석유영산(하)주유소,1286,1187
S-OIL,광신우성주유소,1288,1188
S-OIL,삼거리주유소,1288,1188
GS칼텍스,남지IC주유소/충전소,1289,1258
현대오일뱅크,조은주유소,1289,1189
NH-OIL,창녕농협주유소,1290,1190
현대오일뱅크,고곡주유소,1290,1200
S-OIL,제일주유소,1295,1195
S-OIL,대성,1295,1195
현대오일뱅크,부곡주유소,1295,1195
현대오일뱅크,화명주유소,1295,1195
SK에너지,길곡주유소,1295,1195
GS칼텍스,유어주유소,1295,1195
NH-OIL,남지농협주유소,1295,1195
S-OIL,대초주유소,1295,1195
NH-OIL,영산농업협동조합,1295,1195
GS칼텍스,이방주유소,1298,1198
자가상표,태평양주유소,1298,1188
SK에너지,대영주유소,1298,1198
GS칼텍스,대동주유소,1298,1198
GS칼텍스,창녕주유소,1299,1199
S-OIL,만물주유소,1299,1149
현대오일뱅크,여초주유소,1299,1199
SK에너지,(주)왕산주유소,1299,1199
GS칼텍스,대지주유소,1299,1199
현대오일뱅크,고암주유소,1300,1200
현대오일뱅크,공단주유소,1300,1200
S-OIL,창녕점주유소,1308,1188
SK에너지,도천주유소,1315,1198
SK에너지,계성주유소,1315,1215
S-OIL,경남주유소,1315,1205
S-OIL,삼화주유소,1318,1198
SK에너지,창성주유소,1318,1218
SK에너지,대합주유소,1318,1218
현대오일뱅크,21세기주유소,1318,1218
GS칼텍스,영남주유소,1318,1218
현대오일뱅크,대견주유소,1319,1219
SK에너지,제일주유소,1319,1219
자가상표,장마주유소,1319,1219
SK에너지,퇴천주유소,1319,1219
현대오일뱅크,남산주유소,1319,1219
현대오일뱅크,퇴산주유소,1319,1219
S-OIL,평찬기업(주)평찬주유소,1328,1228
S-OIL,청룡휴게주유소,1335,1235
자가상표,옥산주유소,1340,1240
SK에너지,대창주유소,1349,1249
SK에너지,내동주유소(SK),1349,1248
GS칼텍스,GS무안점주유소,1433,1233
자가상표,흥국주유소,-,-
자가상표,주안주유소,-,-
알뜰주유소,동부3,1228,1128
알뜰주유소,미창주유소,1235,1135
알뜰주유소,대림주유소,1238,1138
GS칼텍스,(주)천주산주유소,1245,1145
알뜰주유소,하늘주유소,1245,1155
GS칼텍스,상남셀프주유소,1248,1148
S-OIL,(주)지오에너지공동구매 울트라주유소,1249,1149
S-OIL,곰돌이주유소,1255,1155
현대오일뱅크,(주)동백에너비스 금성주유소,1255,1155
SK에너지,두대셀프주유소,1255,1155
현대오일뱅크,중리제일주유소,1255,1165
S-OIL,(주)동백에너비스 아바타주유소,1255,1155
SK에너지,무학셀프주유소,1255,1155
SK에너지,대양석유(주)아시아주유소,1255,1165
SK에너지,동마산IC주유소,1258,1158
055-242-1316,SK에너지,1259,1159
현대오일뱅크,북창원I.C주유소,1260,1160
알뜰주유소,(주)신마산주유소,1265,1165
SK에너지,광신석유(주)직영 반월산셀프주유소,1265,1175
현대오일뱅크,현대오일뱅크㈜직영 오동동셀프주유소,1265,1176
알뜰주유소,경남주유소,1265,1165
현대오일뱅크,북마산주유소,1265,1175
GS칼텍스,두바이주유소,1265,1175
S-OIL,도경셀프주유소,1265,1165
알뜰주유소,영광주유소,1265,1165
GS칼텍스,정일주유소,1265,1165
SK에너지,광신석유(주)직영 용마산주유소,1265,1175
GS칼텍스,부성주유소,1265,1199
SK에너지,의창주유소,1265,1165
GS칼텍스,신진주유소(Self),1265,1175
SK에너지,보문self주유소,1265,1175
GS칼텍스,성운주유소,1268,1175
S-OIL,정목에너지(주)오페주유소,1269,1235
S-OIL,합포주유소,1269,1189
현대오일뱅크,현대주유소,1270,1170
현대오일뱅크,진성주유소,1270,1195
현대오일뱅크,케이티엑스주유소,1270,1170
SK에너지,SK에너지(주)자은셀프주유소,1273,1173
SK에너지,용담주유소,1275,1165
S-OIL,(주)경상석유마창주유소,1275,1175
GS칼텍스,양지주유소,1275,1195
GS칼텍스,마대주유소,1275,1185
GS칼텍스,마산월드주유소,1275,1188
SK에너지,동부셀프주유소,1275,1175
현대오일뱅크,금강주유소,1275,1185
S-OIL,백마주유소,1275,1185
S-OIL,경동주유소,1275,1175
SK에너지,광신석유(주)직영 구암주유소,1275,1175
GS칼텍스,천진셀프주유소,1275,1175
GS칼텍스,아바타주유소,1275,1188
SK에너지,주식회사세강에너지,1275,1175
자가상표,장복주유소,1275,1175
S-OIL,명당주유소,1275,1175
현대오일뱅크,동성주유소,1275,1175
SK에너지,광신석유(주)직영신항만주유소,1275,1175
알뜰주유소,동부1,1275,1175
GS칼텍스,상하주유소,1275,1175
현대오일뱅크,늘푸른주유소,1275,1185
GS칼텍스,희망주유소,1275,1185
알뜰주유소,동부2,1275,1175
GS칼텍스,판도라주유소,1275,1188
SK에너지,동남주유소,1275,1188
GS칼텍스,웰빙주유소,1275,1175
현대오일뱅크,웅동주유소,1276,1215
GS칼텍스,굴앞셀프,1277,1177
GS칼텍스,불모셀프주유소,1277,1177
GS칼텍스,불모제2주유소,1277,1177
SK에너지,광신석유(주)직영삼화주유소,1278,1178
S-OIL,새천년주유소,1278,1188
현대오일뱅크,현대오일뱅크㈜직영 신상남주유소,1278,1178
SK에너지,마산주유소(SK),1278,1188
현대오일뱅크,태진주유소,1278,1188
GS칼텍스,두바이주유소,1278,1188
GS칼텍스,GS칼텍스 관문주유소,1280,1190
GS칼텍스,적석산주유소,1283,1193
S-OIL,남해주유소,1285,1185
현대오일뱅크,완월주유소,1285,1185
SK에너지,일광주유소,1285,1198
GS칼텍스,야구장주유소,1285,1185
GS칼텍스,감동주유소,1287,1187
NH-OIL,남창원농협주유소,1287,1187
현대오일뱅크,광신데네브주유소,1288,1188
055-547-5149,현대오일뱅크,1288,1198
GS칼텍스,제우스주유소,1288,1188
S-OIL,용마주유소,1289,1189
현대오일뱅크,진동주유소,1289,1189
S-OIL,현동주유소 (주)유테크 창원지점,1289,1187
현대오일뱅크,경화주유소,1293,1173
SK에너지,북창원주유소,1295,1195
GS칼텍스,무학산주유소,1295,1195
GS칼텍스,(주)온누리주유소,1295,1198
SK에너지,동전IC주유소,1295,1195
SK에너지,내서IC주유소,1295,1195
S-OIL,동강주유소,1295,1195
GS칼텍스,우리주유소,1295,1195
GS칼텍스,만남주유소,1297,1197
SK에너지,미소셀프주유소,1298,1198
알뜰주유소,대호주유소,1298,1198
SK에너지,대양석유(주)그린주유소,1298,1198
GS칼텍스,(주)봉림주유소,1298,1198
GS칼텍스,대원주유소,1298,1198
SK에너지,SK에너지(주)해운주유소,1298,1198
SK에너지,진부주유소,1298,1198
S-OIL,공단로주유소,1298,1218
SK에너지,신월주유소,1298,1198
S-OIL,경성주유소,1298,1198
현대오일뱅크,진해현대주유소,1298,1198
S-OIL,중리공단주유소,1298,1238
현대오일뱅크,(주)부성에너지직영 두척주유소창원지점,1298,1198
GS칼텍스,마진주유소,1298,1198
S-OIL,(주)경상석유사파정주유소,1298,1198
S-OIL,봉암주유소,1299,1199
SK에너지,초원제2주유소,1299,1199
SK에너지,SK화랑주유소,1299,1199
SK에너지,(주)삼진에너지,1299,1199
GS칼텍스,보배산주유소,1299,1199
현대오일뱅크,삼진제일주유소,1299,1199
SK에너지,(주)해안self주유소,1299,1199
현대오일뱅크,영광주유소,1299,1199
SK에너지,신촌주유소,1299,1199
SK에너지,지산주유소,1299,1199
GS칼텍스,대성산업(주) 마산대성주유소,1299,1199
현대오일뱅크,삼영에너지(주),1299,1199
NH-OIL,진동농협주유소,1300,1200
SK에너지,(주)경남주유소,1300,1270
S-OIL,금강산주유소,1308,1229
S-OIL,참조은셀프주유소,1308,1218
055-232-2870,현대오일뱅크,1315,1215
SK에너지,남경셀프주유소,1315,1225
SK에너지,극동,1315,1215
SK에너지,장전주유소,1315,1215
GS칼텍스,(주)경창,1318,1218
현대오일뱅크,(주)율선행복드림,1318,1218
SK에너지,마금주유소,1318,1218
GS칼텍스,남송주유소,1318,1218
SK에너지,광신석유(주)하나로주유소,1318,1218
GS칼텍스,태양주유소,1318,1218
GS칼텍스,서마산IC주유소,1318,1218
GS칼텍스,새진동주유소,1318,1218
현대오일뱅크,대한주유소,1318,1278
GS칼텍스,(주)케이씨직영대우주유소,1318,1218
자가상표,태을정주유소,1319,1219
GS칼텍스,CJ대한통운 삼성주유소,1319,1229
GS칼텍스,CJ대한통운 창일주유소,1319,1229
GS칼텍스,고속주유소,1319,1219
GS칼텍스,동일주유소,1319,1219
현대오일뱅크,추곡주유소,1320,1220
SK에너지,상북주유소,1320,1220
S-OIL,성경주유소,1325,1246
SK에너지,SK네트웍스직영 행복한셀프주유소,1325,1225
SK에너지,해안주유소,1327,1218
자가상표,진웅,1327,1227
자가상표,진해주유소,1327,1227
현대오일뱅크,(주)천자봉주유소,1328,1227
S-OIL,회원주유소,1329,1219
SK에너지,수정주유소,1335,1235
S-OIL,동영주유소,1335,1255
SK에너지,협성주유소,1335,1225
GS칼텍스,국제주유소,1336,1226
SK에너지,화양주유소,1337,1238
GS칼텍스,대광주유소,1338,1238
GS칼텍스,동면주유소,1338,1238
S-OIL,신방주유소,1338,1238
S-OIL,유산주유소,1338,1238
S-OIL,무지개주유소,1338,1238
현대오일뱅크,반동주유소,1338,1238
SK에너지,남광석유직영 유남주유소,1338,1238
SK에너지,SK에너지(주)도계주유소,1338,1238
현대오일뱅크,주남주유소,1338,1238
GS칼텍스,태광주유소,1339,1224
SK에너지,태광주유소,1339,1239
SK에너지,전촌주유소,1339,1239
S-OIL,해양에너지(주)주유소충전소,1339,1239
SK에너지,SK에너지(주)삼계셀프주유소,1345,1245
GS칼텍스,토월주유소,1347,1247
SK에너지,벚꽃주유소,1348,1238
GS칼텍스,신성주유소,1349,1229
현대오일뱅크,석동주유소,1349,1249
현대오일뱅크,모암주유소,1359,1259
GS칼텍스,일동주유소,1359,1259
GS칼텍스,광려천주유소,1359,1269
SK에너지,내트럭(주)부산신항사업소,1379,1249
SK에너지,신우에너지(주) 광진주유소,1389,1289
SK에너지,대방주유소,1398,1298
SK에너지,소계주유소,1439,1278
SK에너지,창원공단주유소,1464,1364
현대오일뱅크,경남주유소,1464,1364
SK에너지,용호주유소,1498,1380
SK에너지,한국타이어팔용점 파워주유소,1498,1398
SK에너지,오일탑주유소,1559,1459
SK에너지,터미널(지산),1559,1459
SK에너지,녹원주유소,1559,1459
자가상표,전망대주유소,-,-
현대오일뱅크,판도라주유소,-,-
S-OIL,(주)지오에너지공동구매 울트라주유소,1249,1149
현대오일뱅크,(주)동백에너비스 금성주유소,1255,1155
S-OIL,(주)동백에너비스 아바타주유소,1255,1155
SK에너지,무학셀프주유소,1255,1155
S-OIL,곰돌이주유소,1255,1155
055-242-1316,SK에너지,1259,1159
알뜰주유소,경남주유소,1265,1165
현대오일뱅크,현대오일뱅크㈜직영 오동동셀프주유소,1265,1176
SK에너지,광신석유(주)직영 용마산주유소,1265,1175
알뜰주유소,(주)신마산주유소,1265,1165
알뜰주유소,영광주유소,1265,1165
GS칼텍스,성운주유소,1268,1175
S-OIL,합포주유소,1269,1189
GS칼텍스,마산월드주유소,1275,1188
현대오일뱅크,금강주유소,1275,1185
GS칼텍스,두바이주유소,1278,1188
현대오일뱅크,태진주유소,1278,1188
S-OIL,새천년주유소,1278,1188
GS칼텍스,적석산주유소,1283,1193
현대오일뱅크,완월주유소,1285,1185
SK에너지,일광주유소,1285,1198
GS칼텍스,야구장주유소,1285,1185
GS칼텍스,제우스주유소,1288,1188
현대오일뱅크,진동주유소,1289,1189
S-OIL,현동주유소 (주)유테크 창원지점,1289,1187
GS칼텍스,무학산주유소,1295,1195
S-OIL,동강주유소,1295,1195
SK에너지,SK에너지(주)해운주유소,1298,1198
S-OIL,공단로주유소,1298,1218
S-OIL,경성주유소,1298,1198
SK에너지,지산주유소,1299,1199
SK에너지,(주)삼진에너지,1299,1199
SK에너지,(주)해안self주유소,1299,1199
SK에너지,SK화랑주유소,1299,1199
현대오일뱅크,삼진제일주유소,1299,1199
NH-OIL,진동농협주유소,1300,1200
GS칼텍스,새진동주유소,1318,1218
현대오일뱅크,추곡주유소,1320,1220
SK에너지,상북주유소,1320,1220
SK에너지,수정주유소,1335,1235
S-OIL,유산주유소,1338,1238
현대오일뱅크,반동주유소,1338,1238
자가상표,전망대주유소,-,-
현대오일뱅크,판도라주유소,-,-
알뜰주유소,하늘주유소,1245,1155
SK에너지,대양석유(주)아시아주유소,1255,1165
현대오일뱅크,중리제일주유소,1255,1165
SK에너지,동마산IC주유소,1258,1158
GS칼텍스,부성주유소,1265,1199
GS칼텍스,신진주유소(Self),1265,1175
GS칼텍스,두바이주유소,1265,1175
현대오일뱅크,북마산주유소,1265,1175
SK에너지,광신석유(주)직영 반월산셀프주유소,1265,1175
SK에너지,보문self주유소,1265,1175
현대오일뱅크,진성주유소,1270,1195
S-OIL,백마주유소,1275,1185
S-OIL,경동주유소,1275,1175
SK에너지,동남주유소,1275,1188
SK에너지,동부셀프주유소,1275,1175
SK에너지,용담주유소,1275,1165
S-OIL,(주)경상석유마창주유소,1275,1175
GS칼텍스,판도라주유소,1275,1188
SK에너지,광신석유(주)직영 구암주유소,1275,1175
GS칼텍스,희망주유소,1275,1185
GS칼텍스,마대주유소,1275,1185
SK에너지,광신석유(주)직영삼화주유소,1278,1178
SK에너지,마산주유소(SK),1278,1188
현대오일뱅크,광신데네브주유소,1288,1188
SK에너지,내서IC주유소,1295,1195
GS칼텍스,만남주유소,1297,1197
SK에너지,미소셀프주유소,1298,1198
현대오일뱅크,(주)부성에너지직영 두척주유소창원지점,1298,1198
S-OIL,중리공단주유소,1298,1238
S-OIL,봉암주유소,1299,1199
현대오일뱅크,영광주유소,1299,1199
GS칼텍스,대성산업(주) 마산대성주유소,1299,1199
S-OIL,금강산주유소,1308,1229
055-232-2870,현대오일뱅크,1315,1215
SK에너지,극동,1315,1215
SK에너지,남경셀프주유소,1315,1225
GS칼텍스,태양주유소,1318,1218
GS칼텍스,서마산IC주유소,1318,1218
GS칼텍스,CJ대한통운 창일주유소,1319,1229
GS칼텍스,고속주유소,1319,1219
SK에너지,SK네트웍스직영 행복한셀프주유소,1325,1225
S-OIL,회원주유소,1329,1219
S-OIL,동영주유소,1335,1255
GS칼텍스,국제주유소,1336,1226
SK에너지,태광주유소,1339,1239
SK에너지,SK에너지(주)삼계셀프주유소,1345,1245
GS칼텍스,광려천주유소,1359,1269
SK에너지,터미널(지산),1559,1459
알뜰주유소,동부3,1228,1128
GS칼텍스,상남셀프주유소,1248,1148
현대오일뱅크,늘푸른주유소,1275,1185
GS칼텍스,굴앞셀프,1277,1177
GS칼텍스,불모제2주유소,1277,1177
GS칼텍스,불모셀프주유소,1277,1177
현대오일뱅크,현대오일뱅크㈜직영 신상남주유소,1278,1178
GS칼텍스,GS칼텍스 관문주유소,1280,1190
S-OIL,남해주유소,1285,1185
GS칼텍스,감동주유소,1287,1187
NH-OIL,남창원농협주유소,1287,1187
S-OIL,(주)경상석유사파정주유소,1298,1198
S-OIL,참조은셀프주유소,1308,1218
GS칼텍스,(주)케이씨직영대우주유소,1318,1218
GS칼텍스,(주)경창,1318,1218
현대오일뱅크,(주)율선행복드림,1318,1218
GS칼텍스,태광주유소,1339,1224
SK에너지,대방주유소,1398,1298
SK에너지,창원공단주유소,1464,1364
현대오일뱅크,경남주유소,1464,1364
알뜰주유소,미창주유소,1235,1135
알뜰주유소,대림주유소,1238,1138
GS칼텍스,(주)천주산주유소,1245,1145
SK에너지,두대셀프주유소,1255,1155
현대오일뱅크,북창원I.C주유소,1260,1160
S-OIL,도경셀프주유소,1265,1165
SK에너지,의창주유소,1265,1165
GS칼텍스,정일주유소,1265,1165
S-OIL,정목에너지(주)오페주유소,1269,1235
현대오일뱅크,케이티엑스주유소,1270,1170
현대오일뱅크,현대주유소,1270,1170
GS칼텍스,웰빙주유소,1275,1175
GS칼텍스,아바타주유소,1275,1188
SK에너지,주식회사세강에너지,1275,1175
현대오일뱅크,동성주유소,1275,1175
GS칼텍스,상하주유소,1275,1175
GS칼텍스,양지주유소,1275,1195
S-OIL,명당주유소,1275,1175
GS칼텍스,천진셀프주유소,1275,1175
SK에너지,동전IC주유소,1295,1195
GS칼텍스,우리주유소,1295,1195
GS칼텍스,(주)온누리주유소,1295,1198
SK에너지,북창원주유소,1295,1195
GS칼텍스,(주)봉림주유소,1298,1198
SK에너지,신월주유소,1298,1198
GS칼텍스,대원주유소,1298,1198
현대오일뱅크,삼영에너지(주),1299,1199
SK에너지,신촌주유소,1299,1199
SK에너지,초원제2주유소,1299,1199
SK에너지,(주)경남주유소,1300,1270
SK에너지,마금주유소,1318,1218
현대오일뱅크,대한주유소,1318,1278
자가상표,태을정주유소,1319,1219
S-OIL,성경주유소,1325,1246
SK에너지,화양주유소,1337,1238
GS칼텍스,동면주유소,1338,1238
S-OIL,신방주유소,1338,1238
SK에너지,SK에너지(주)도계주유소,1338,1238
S-OIL,무지개주유소,1338,1238
SK에너지,남광석유직영 유남주유소,1338,1238
현대오일뱅크,주남주유소,1338,1238
SK에너지,전촌주유소,1339,1239
GS칼텍스,토월주유소,1347,1247
GS칼텍스,신성주유소,1349,1229
GS칼텍스,일동주유소,1359,1259
현대오일뱅크,모암주유소,1359,1259
SK에너지,신우에너지(주) 광진주유소,1389,1289
SK에너지,소계주유소,1439,1278
SK에너지,한국타이어팔용점 파워주유소,1498,1398
SK에너지,용호주유소,1498,1380
SK에너지,오일탑주유소,1559,1459
SK에너지,SK에너지(주)자은셀프주유소,1273,1173
SK에너지,광신석유(주)직영신항만주유소,1275,1175
알뜰주유소,동부1,1275,1175
자가상표,장복주유소,1275,1175
알뜰주유소,동부2,1275,1175
현대오일뱅크,웅동주유소,1276,1215
055-547-5149,현대오일뱅크,1288,1198
S-OIL,용마주유소,1289,1189
현대오일뱅크,경화주유소,1293,1173
GS칼텍스,마진주유소,1298,1198
SK에너지,진부주유소,1298,1198
SK에너지,대양석유(주)그린주유소,1298,1198
알뜰주유소,대호주유소,1298,1198
현대오일뱅크,진해현대주유소,1298,1198
GS칼텍스,보배산주유소,1299,1199
SK에너지,장전주유소,1315,1215
GS칼텍스,남송주유소,1318,1218
SK에너지,광신석유(주)하나로주유소,1318,1218
GS칼텍스,CJ대한통운 삼성주유소,1319,1229
GS칼텍스,동일주유소,1319,1219
자가상표,진웅,1327,1227
자가상표,진해주유소,1327,1227
SK에너지,해안주유소,1327,1218
현대오일뱅크,(주)천자봉주유소,1328,1227
SK에너지,협성주유소,1335,1225
GS칼텍스,대광주유소,1338,1238
S-OIL,해양에너지(주)주유소충전소,1339,1239
SK에너지,벚꽃주유소,1348,1238
현대오일뱅크,석동주유소,1349,1249
SK에너지,내트럭(주)부산신항사업소,1379,1249
SK에너지,녹원주유소,1559,1459
SK에너지,㈜통영IC 직영,1249,1159
알뜰주유소,㈜통제영주유소,1255,1168
GS칼텍스,풍해주유소,1269,1174
GS칼텍스,신나폴리 주식회사,1269,1179
SK에너지,대영주유소,1269,1198
알뜰주유소,사량도주유소,1270,1165
GS칼텍스,해양셀프주유소,1272,1172
SK에너지,호반주유소,1272,1175
SK에너지,이마트 통영점주유소,1272,1174
GS칼텍스,㈜풍경에너지직영풍원주유소,1274,1179
알뜰주유소,(주)통영알뜰주유소,1275,1175
현대오일뱅크,(주)경남에너지판매천일주유소,1275,1175
NH-OIL,통영축산농협주유소,1283,1183
SK에너지,통영관광휴게소,1284,1184
현대오일뱅크,부광주유소,1285,1225
S-OIL,법송주유소,1289,1199
GS칼텍스,도남관광주유소,1290,1228
현대오일뱅크,용남주유소,1294,1204
GS칼텍스,대교주유소,1294,1279
SK에너지,거북주유소,1295,1225
S-OIL,세인리무진직영주유소,1295,1225
현대오일뱅크,참편한주유소,1295,1195
GS칼텍스,백산주유소,1298,1238
SK에너지,제2팔복주유소,1298,1228
SK에너지,팔복주유소,1298,1228
현대오일뱅크,현대오일뱅크(주)직영 통영주유소,1299,1229
GS칼텍스,챔피온주유소,1328,1249
S-OIL,해동(통영),1329,1239
SK에너지,미수주유소,1347,1247
SK에너지,통영종합버스터미널 직영주유소,1350,1260
GS칼텍스,산양주유소,1370,1290
현대오일뱅크,케이블카주유소,1379,1278
S-OIL,해성(통영)주유소,1480,1350
SK에너지,나포리주유소,-,-
NH-OIL,금오농협주유소,1260,1165
SK에너지,(주)진남제2주유소,1260,1165
NH-OIL,금오농협 진교지점 주유소,1260,1165
현대오일뱅크,(주)세계화목도리주유소,1284,1229
SK에너지,하동포구주유소,1285,1185
현대오일뱅크,옥종주유소(현대),1290,1190
SK에너지,한진주유소,1290,1190
NH-OIL,옥종농협주유소,1290,1190
현대오일뱅크,금성주유소,1294,1215
SK에너지,정량주유소,1295,1195
S-OIL,아산주유소,1295,1195
S-OIL,대동(Self),1295,1215
NH-OIL,악양농협주유소,1295,1195
현대오일뱅크,평사리주유소,1295,1195
GS칼텍스,해룡주유소,1295,1200
SK에너지,우리주유소,1295,1215
현대오일뱅크,조선해양주유소,1295,1215
S-OIL,섬진강주유소,1295,1195
NH-OIL,화개농협주유소,1295,1195
S-OIL,창성주유소,1295,1215
SK에너지,하동IC주유소,1305,1215
현대오일뱅크,남해주유소,1305,1205
현대오일뱅크,금남주유소(현대),1325,1235
SK에너지,OK주유소,1325,1225
현대오일뱅크,하동나들목주유소,1325,1235
현대오일뱅크,하동주유소,1325,1235
S-OIL,강변주유소,1329,1229
알뜰주유소,양보주유소,1330,1230
S-OIL,청암주유소,1340,1240
GS칼텍스,기성주유소,1345,1245
GS칼텍스,섬진주유소,1355,1255
GS칼텍스,진교주유소,1355,1255
GS칼텍스,돌다리주유소,1355,1255
SK에너지,명교주유소,1460,1230
SK에너지,청솔주유소,-,-
현대오일뱅크,북천주유소,-,-
GS칼텍스,함마대로주유소,1253,1163
S-OIL,동백2주유소,1255,1165
SK에너지,(주)동남에너지,1255,1165
GS칼텍스,대천주유소,1259,1169
GS칼텍스,산단주유소,1265,1175
현대오일뱅크,도항주유소,1269,1179
GS칼텍스,조은에너지(주),1270,1175
현대오일뱅크,(주)플러스에너지 세일주유소,1275,1199
SK에너지,(주)칠서공단에너지,1279,1179
GS칼텍스,청남제2주유소,1285,1185
SK에너지,칠서IC주유소,1285,1185
GS칼텍스,동백제1주유소,1285,1185
GS칼텍스,구성주유소,1288,1198
현대오일뱅크,광신개발(주)직영 신성셀프주유소,1288,1188
GS칼텍스,삼화주유소,1289,1189
알뜰(ex),(주)이엠석유 주유소/충전소,1290,1188
자가상표,(주)플러스에너지,1295,1185
알뜰(ex),대보건설(주)함안(순천)주유소/충전소,1296,1196
현대오일뱅크,대로주유소,1298,1198
SK에너지,세중주유소,1298,1198
SK에너지,낙동주유소,1298,1198
NH-OIL,삼칠농협주유소,1299,1199
알뜰(ex),(주)썬엘칠서(상)주유소,1299,1199
SK에너지,대양석유(주)장지IC주유소,1299,1199
GS칼텍스,월촌주유소,1299,1199
SK에너지,함안주유소,1299,1249
현대오일뱅크,청남주유소,1305,1205
S-OIL,(주)우양네트웍스 동현주유소,1308,1198
현대오일뱅크,봉촌주유소,1309,1209
S-OIL,성원주유소,1310,1210
NH-OIL,대산농업협동조합,1310,1195
현대오일뱅크,신흥주유소,1310,1220
NH-OIL,군북농협경제사업장,1310,1220
SK에너지,군북주유소,1319,1219
SK에너지,주식회사 태화주유소,1319,1219
GS칼텍스,형제주유소,1319,1219
S-OIL,삼원주유소,1320,1220
SK에너지,의령휴게소주유소/충전소,1320,1220
현대오일뱅크,삼도주유소,1324,1224
SK에너지,하나주유소(SK),1324,1224
현대오일뱅크,태영주유소,1325,1225
SK에너지,(유)동원주유소,1325,1225
현대오일뱅크,일삼주유소,1325,1225
현대오일뱅크,여항산주유소,1328,1228
현대오일뱅크,삼보주유소,1329,1229
SK에너지,칠북주유소,1329,1229
S-OIL,칠원주유소,1335,1200
S-OIL,강변주유소,1335,1235
현대오일뱅크,대암주유소,1335,1245
S-OIL,예곡,1335,1255
S-OIL,신성주유소,1339,1239
GS칼텍스,우리주유소,1345,1245
NH-OIL,가야농협주유소(함읍지점),1350,1260
SK에너지,아라주유소,1359,1269
S-OIL,대산주유소,1359,1259
현대오일뱅크,강주주유소,1369,1269
SK에너지,미연주유소,1395,1295
SK에너지,고려주유소,1428,1328
S-OIL,영동주유소,-,-
S-OIL,행운주유소,-,-
GS칼텍스,본통주유소,1275,1175
NH-OIL,함양농업협동조합유림,1290,1190
SK에너지,은장지곡주유소,1290,1190
NH-OIL,지곡농협주유소,1290,1190
NH-OIL,안의농협주유소,1290,1190
SK에너지,농월정주유소,1290,1190
알뜰(ex),시카프관광개발(주) 함양(하남)주유소,1316,1216
알뜰(ex),두성유통(주)함양(통영)주유소,1324,1219
현대오일뱅크,영도다리주유소(현대),1340,1240
알뜰주유소,(주)알뜰함양주유소,1340,1240
SK에너지,금호주유소,1340,1230
S-OIL,대왕주유소,1340,1240
알뜰주유소,동산주유소,1340,1240
SK에너지,덕유관광주유소,1350,1250
현대오일뱅크,휴천(유림)주유소(현대),1350,1250
SK에너지,마천주유소,1350,1250
S-OIL,백운주유소,1350,1250
GS칼텍스,경호주유소,1350,1250
S-OIL,개봉주유소,1350,1250
SK에너지,추성주유소,1350,1250
현대오일뱅크,백천주유소,1360,1260
S-OIL,함양IC주유소,1370,1270
SK에너지,(주)서부주유소,1390,1290
SK에너지,(유)물레방아주유소,1390,1290
SK에너지,지리산새마을금고주유소,1390,1290
SK에너지,남척주유소(함양),1390,1290
SK에너지,호남주유소,1390,1290
S-OIL,(주)솔밭주유소,-,1260
S-OIL,효천산업개발(주) 부경주유소,1283,1183
GS칼텍스,동일주유소,1295,1195
S-OIL,합천탑주유소,1337,1237
S-OIL,대양주유소,1340,1240
현대오일뱅크,동산주유소,1340,1240
S-OIL,쌍용주유소,1340,1240
S-OIL,초계주유소,1340,1240
SK에너지,숭산주유소,1340,1240
NH-OIL,합천농협주유소,1340,1240
NH-OIL,합천호농협주유소,1340,1240
SK에너지,야로주유소,1340,1240
NH-OIL,합천동부농업협동조합,1340,1240
현대오일뱅크,청덕주유소,1340,1240
NH-OIL,가야농협야로주유소,1340,1240
GS칼텍스,가야산주유소,1340,1240
현대오일뱅크,새터주유소,1348,1248
현대오일뱅크,묘산주유소,1349,1249
SK에너지,해인만복주유소,1350,1250
현대오일뱅크,믿음가득주유소,1350,1250
GS칼텍스,우성주유소,1360,1260
S-OIL,삼양주유소,1360,1270
GS칼텍스,삼가주유소,1360,1260
SK에너지,금양주유소,1365,1260
현대오일뱅크,(주)동성현대주유소,1365,1265
현대오일뱅크,하신주유소(현대),1365,1265
S-OIL,대경주유소,1369,1279
GS칼텍스,합청성원주유소,1370,1270
GS칼텍스,갑산주유소,1370,1270
NH-OIL,합천새남부농협쌍백지점,1370,1270
NH-OIL,합천새남부농협가회지점,1370,1270
SK에너지,합천주유소,1380,1250
SK에너지,봉산주유소,1415,1295
현대오일뱅크,적교주유소,-,-
자가상표,가회주유소,-,-
NH-OIL,남원농협주유소,1370,1270
알뜰주유소,우수주유소,1370,1270
알뜰주유소,(주)태흥주유소,1370,1270
알뜰주유소,토평주유소,1370,1260
GS칼텍스,제주남원동부 새마을금고주유소,1370,1270
S-OIL,남원주유소,1370,1270
알뜰주유소,초원주유소,1380,1270
S-OIL,염돈주유소,1380,1270
현대오일뱅크,최남단현대주유소,1385,1290
S-OIL,안덕하나주유소,1390,1280
SK에너지,신례주유소,1390,1290
GS칼텍스,오성주유소,1400,1290
GS칼텍스,반석주유소,1400,1290
SK에너지,삼화석유(주)에이스주유소,1400,1290
GS칼텍스,효돈주유소,1400,1290
현대오일뱅크,선반내주유소,1400,1290
S-OIL,동홍주유소,1400,1290
SK에너지,희망주유소,1400,1290
NH-OIL,효돈농협주유소,1400,1290
GS칼텍스,혁신도시주유소,1400,1290
현대오일뱅크,서광주유소,1400,1290
NH-OIL,안덕농협주유소,1400,1290
S-OIL,서귀포농협서부주유소,1400,1290
GS칼텍스,행복주유소,1400,1290
알뜰주유소,수산주유소,1400,1290
NH-OIL,위미농협주유소,1400,1290
GS칼텍스,도순주유소,1400,1290
GS칼텍스,하원주유소,1400,1285
SK에너지,서귀금고스카이주유소,1400,1290
NH-OIL,대정농협주유소,1400,1290
S-OIL,(주)한라석유 탐라주유소,1400,1290
SK에너지,희진주유소,1400,1290
SK에너지,산방주유소,1400,1290
SK에너지,모슬포행운주유소,1400,1290
NH-OIL,표선농협주유소,1400,1290
SK에너지,한진주유소,1400,1290
현대오일뱅크,돈내코주유소,1400,1290
SK에너지,수도석유(주)한신주유소,1400,1290
NH-OIL,서귀포농협주유소,1400,1290
SK에너지,감산주유소,1400,1290
GS칼텍스,환영주유소,1400,1290
GS칼텍스,예래주유소,1400,1290
현대오일뱅크,동남주유소,1400,1290
현대오일뱅크,정석주유소,1400,1290
S-OIL,신세기주유소,1400,1290
S-OIL,반도주유소,1400,1290
GS칼텍스,(주)서홍주유소,1400,1290
S-OIL,유진주유소,1400,1290
현대오일뱅크,난산입구주유소,1400,1290
NH-OIL,중문농협주유소,1400,1290
현대오일뱅크,그림주유소,1400,1290
NH-OIL,대정농협무릉주유소,1400,1290
현대오일뱅크,상예주유소,1400,1290
GS칼텍스,동광주유소,1409,1299
SK에너지,강정천주유소,1410,1300
SK에너지,서귀주유소,1410,1300
GS칼텍스,칠십리주유소,1410,1300
GS칼텍스,중문주유소,1410,1300
SK에너지,법환주유소,1410,1300
SK에너지,월드컵주유소,1410,1300
SK에너지,대포주유소,1410,1300
SK에너지,상창주유소,1697,1548
현대오일뱅크,굿모닝주유소,1389,1285
SK에너지,한동주유소,1389,1289
현대오일뱅크,행복셀프주유소,1390,1280
GS칼텍스,우리주유소,1390,1287
현대오일뱅크,해송주유소,1390,1280
GS칼텍스,서광로주유소,1394,1310
NH-OIL,구좌농협우도주유소,1395,1300
S-OIL,일도주유소,1395,1285
알뜰주유소,평대주유소,1395,1300
SK에너지,중앙주유소,1395,1300
NH-OIL,구좌농협주유센터,1395,1300
S-OIL,구좌주유소,1395,1300
알뜰주유소,광동주유소,1400,1290
SK에너지,서경주유소,1400,1290
GS칼텍스,태진주유소,1400,1290
알뜰주유소,명품주유소,1400,1290
S-OIL,성신주유소,1405,1295
알뜰주유소,편리한주유소,1405,1295
S-OIL,한라주유소,1406,1307
알뜰주유소,일광주유소,1410,1300
SK에너지,별표주유소도두점,1410,1300
GS칼텍스,동방주유소,1410,1300
SK에너지,도평주유소,1410,1300
GS칼텍스,삼다주유소,1410,1300
알뜰주유소,번영로주유소(무선),1410,1300
S-OIL,진성주유소,1410,1300
GS칼텍스,용담주유소,1410,1300
S-OIL,유수암주유소,1410,1300
SK에너지,이도그린주유소,1410,1300
S-OIL,유성주유소,1410,1300
S-OIL,고내주유소,1410,1300
SK에너지,별표주유소,1410,1300
S-OIL,성안,1410,1300
GS칼텍스,한라산주유소,1410,1300
SK에너지,대일주유소,1410,1300
SK에너지,남동주유소,1410,1300
GS칼텍스,수원주유소,1410,1300
SK에너지,공단주유소,1410,1300
NH-OIL,한림농협주유소,1410,1300
SK에너지,온누리주유소,1410,1300
GS칼텍스,오라주유소,1410,1300
SK에너지,삼화석유(주)행복날개주유소,1410,1300
GS칼텍스,동화주유소,1410,1300
현대오일뱅크,신촌주유소,1410,1300
SK에너지,금성주유소,1410,1300
현대오일뱅크,월산주유소,1410,1300
GS칼텍스,용호주유소,1410,1300
SK에너지,봉개주유소,1410,1300
S-OIL,극동,1410,1300
SK에너지,삼화석유(주)승민주유소,1410,1310
SK에너지,삼화석유(주)유공주유소,1410,1300
S-OIL,남조로주유소,1410,1300
현대오일뱅크,애조로주유소,1410,1300
SK에너지,내트럭(주)제주사업소,1410,1300
현대오일뱅크,남문주유소,1410,1300
NH-OIL,하귀농협주유소,1410,1300
GS칼텍스,삼광주유소,1410,1300
GS칼텍스,동산주유소,1410,1300
S-OIL,정석주유소,1410,1300
GS칼텍스,합동청사주유소,1410,1300
NH-OIL,애월농협주유소,1410,1300
GS칼텍스,도련주유소,1410,1300
알뜰주유소,함덕주유소,1410,1300
알뜰주유소,삼양주유소,1410,1300
NH-OIL,함덕농업협동조합 주유소,1410,1300
GS칼텍스,밝은주유소,1410,1300
GS칼텍스,(주)무수천주유소,1410,1300
GS칼텍스,서부관광주유소,1410,1300
GS칼텍스,원남주유소,1410,1300
SK에너지,한림주유소,1410,1300
S-OIL,삼일주유소,1410,1300
GS칼텍스,거북이주유소,1410,1345
현대오일뱅크,현대오일뱅크 오름주유소,1410,1300
SK에너지,도남주유소,1410,1300
알뜰주유소,이좋은주유소,1410,1300
SK에너지,삼성주유소,1410,1300
NH-OIL,제주시농협서부주유소,1410,1300
NH-OIL,제주시농협 남부주유소,1410,1300
GS칼텍스,백록담주유소,1410,1300
S-OIL,도농주유소,1410,1300
현대오일뱅크,빛나는주유소,1410,1300
NH-OIL,제주시농협 동부주유소,1410,1300
GS칼텍스,삼남주유소,1410,1300
현대오일뱅크,애월주유소,1410,1300
S-OIL,명지주유소,1410,1300
SK에너지,늘푸른주유소,1410,1300
SK에너지,동귀주유소,1410,1300
GS칼텍스,우리주유소,1410,1300
SK에너지,터미널주유소,1410,1310
GS칼텍스,내고향주유소,1410,1300
GS칼텍스,제주주유소,1410,1300
GS칼텍스,평화로주유소,1410,1300
알뜰주유소,귀일주유소,1410,1300
현대오일뱅크,(주)회천주유소,1410,1300
SK에너지,동아주유소,1410,1300
SK에너지,백록주유소,1410,1300
GS칼텍스,장안주유소,1410,1300
현대오일뱅크,현대오일뱅크(주)직영 연북로주유소,1410,1300
GS칼텍스,봉아름주유소,1410,1300
현대오일뱅크,금강주유소,1410,1300
SK에너지,스마트주유소,1410,1300
S-OIL,프라임주유소,1410,1300
현대오일뱅크,청년주유소,1410,1300
SK에너지,(주)이호주유소,1410,1300
S-OIL,삼진주유소,1410,1300
SK에너지,연동주유소,1410,1300
S-OIL,씨티,1410,1300
현대오일뱅크,대천주유소,1410,1300
SK에너지,대섬주유소,1410,1300
S-OIL,성화주유소,1410,1300
현대오일뱅크,새희망주유소,1410,1300
NH-OIL,조천농협주유소,1410,1300
GS칼텍스,창성주유소,1410,1300
SK에너지,남흥주유소,1410,1300
SK에너지,하모니주유소,1410,1300
GS칼텍스,동일주유소,1410,1300
SK에너지,대은주유소,1410,1300
SK에너지,동서주유소,1410,1300
SK에너지,삼화석유(주)삼화주유소,1410,1310
S-OIL,금악주유소,1410,1300
SK에너지,한경주유소,1410,1300
SK에너지,행운주유소,1410,1300
GS칼텍스,고산주유소,1410,1300
GS칼텍스,하나로주유소,1410,1300
SK에너지,삼화석유(주)천마주유소,1410,1300
GS칼텍스,노형주유소,1410,1310
SK에너지,열린주유소,1420,1320
SK에너지,현대주유소,1420,1310
SK에너지,신도시주유소,1440,1330
자가상표,인양주유소,1720,1600
